text,replyToSN,screenName,retweetCount,isRetweet
RT @BetteMidler: Tonight a woman in the audience of Trump's town hall began her question by telling him he has a great smile &amp; he's so hand‚Ä¶,,MalBJones,3881,TRUE
RT @BetteMidler: OMG!  #JoeBiden speaks like a human being!  And he‚Äôs actually answering the questions!  It‚Äôs so exciting!  How we have mis‚Ä¶,,WhosYourChubby,4911,TRUE
RT @BernardineEvari: So this week I was awarded the Gold Medal of Honorary Patronage by the Philosophical Society (est 1683 &amp; the world's o‚Ä¶,,NewhamBookshop,15,TRUE
RT @prayerfeathers: @Oxfordsonly @realDonaldTrump @MZHemingway I'm voting for #JoeBiden because he cares about me. https://t.co/3X0gfteW9r,,colinjgriffith1,4,TRUE
RT @BetteMidler: OMG!  #JoeBiden speaks like a human being!  And he‚Äôs actually answering the questions!  It‚Äôs so exciting!  How we have mis‚Ä¶,,deborahleerose,4911,TRUE
RT @BetteMidler: Tonight a woman in the audience of Trump's town hall began her question by telling him he has a great smile &amp; he's so hand‚Ä¶,,wilmastewart1,3881,TRUE
RT @LevinaNeythiri: This is how #JoeBiden hurt #ISRO. üëáThere were back to back attempts to sabotage ISRO‚Äôs projects. My video about‚ÄîJoe Bid‚Ä¶,,sandipsc,433,TRUE
RT @BetteMidler: Tonight a woman in the audience of Trump's town hall began her question by telling him he has a great smile &amp; he's so hand‚Ä¶,,rayuriarte6,3881,TRUE
RT @BetteMidler: OMG!  #JoeBiden speaks like a human being!  And he‚Äôs actually answering the questions!  It‚Äôs so exciting!  How we have mis‚Ä¶,,allegro572,4911,TRUE
"RT @SandraSentinel: Facebook and Twitter and Google have interfered in election more than Russia and China.

Makes one wonder is Russia and‚Ä¶",,AlanSmi96749586,201,TRUE
RT @BetteMidler: Tonight a woman in the audience of Trump's town hall began her question by telling him he has a great smile &amp; he's so hand‚Ä¶,,arturosans,3881,TRUE
RT @BetteMidler: Tonight a woman in the audience of Trump's town hall began her question by telling him he has a great smile &amp; he's so hand‚Ä¶,,rizwan_alvi74,3881,TRUE
RT @BetteMidler: OMG!  #JoeBiden speaks like a human being!  And he‚Äôs actually answering the questions!  It‚Äôs so exciting!  How we have mis‚Ä¶,,Diana_SSaba,4911,TRUE
RT @BernardineEvari: So this week I was awarded the Gold Medal of Honorary Patronage by the Philosophical Society (est 1683 &amp; the world's o‚Ä¶,,sarahpbroadley,15,TRUE
RT @LevinaNeythiri: This is how #JoeBiden hurt #ISRO. üëáThere were back to back attempts to sabotage ISRO‚Äôs projects. My video about‚ÄîJoe Bid‚Ä¶,,aware_bharat,433,TRUE
RT @BetteMidler: OMG!  #JoeBiden speaks like a human being!  And he‚Äôs actually answering the questions!  It‚Äôs so exciting!  How we have mis‚Ä¶,,MaximoHalty,4911,TRUE
RT @BetteMidler: OMG!  #JoeBiden speaks like a human being!  And he‚Äôs actually answering the questions!  It‚Äôs so exciting!  How we have mis‚Ä¶,,snapsterbo,4911,TRUE
RT @BetteMidler: Tonight a woman in the audience of Trump's town hall began her question by telling him he has a great smile &amp; he's so hand‚Ä¶,,ruth_graver,3881,TRUE
RT @RealJamesWoods: Sharpshooter #JoeBiden: ‚ÄúShoot ‚Äòem in the leg!‚Äù  https://t.co/4sLt3Ij4tD,,swetschkow,3232,TRUE
RT @BetteMidler: Tonight a woman in the audience of Trump's town hall began her question by telling him he has a great smile &amp; he's so hand‚Ä¶,,iam_Tobiismail,3881,TRUE
RT @BetteMidler: Tonight a woman in the audience of Trump's town hall began her question by telling him he has a great smile &amp; he's so hand‚Ä¶,,veeroom,3881,TRUE
RT @BetteMidler: Tonight a woman in the audience of Trump's town hall began her question by telling him he has a great smile &amp; he's so hand‚Ä¶,,LoriHiz5,3881,TRUE
"RT @sjs856: Lift Every Voice: Why Black People Should Vote For Joe Biden and Kamala Harris

@SymoneDSanders 

#DrewComments #BidenHarris202‚Ä¶",,Anootchka,645,TRUE
RT @BetteMidler: Tonight a woman in the audience of Trump's town hall began her question by telling him he has a great smile &amp; he's so hand‚Ä¶,,therealinfranca,3881,TRUE
RT @BetteMidler: Tonight a woman in the audience of Trump's town hall began her question by telling him he has a great smile &amp; he's so hand‚Ä¶,,Dent29Dent,3881,TRUE
RT @BetteMidler: OMG!  #JoeBiden speaks like a human being!  And he‚Äôs actually answering the questions!  It‚Äôs so exciting!  How we have mis‚Ä¶,,BasiliskA16,4911,TRUE
RT @BetteMidler: OMG!  #JoeBiden speaks like a human being!  And he‚Äôs actually answering the questions!  It‚Äôs so exciting!  How we have mis‚Ä¶,,Box18org,4911,TRUE
"RT @SandraSentinel: Facebook and Twitter and Google have interfered in election more than Russia and China.

Makes one wonder is Russia and‚Ä¶",,Joecobras1,201,TRUE
RT @BetteMidler: Tonight a woman in the audience of Trump's town hall began her question by telling him he has a great smile &amp; he's so hand‚Ä¶,,TLMaitre2015,3881,TRUE
RT @BetteMidler: Tonight a woman in the audience of Trump's town hall began her question by telling him he has a great smile &amp; he's so hand‚Ä¶,,UchennaAnieze,3881,TRUE
RT @BetteMidler: OMG!  #JoeBiden speaks like a human being!  And he‚Äôs actually answering the questions!  It‚Äôs so exciting!  How we have mis‚Ä¶,,Janiceperalta2,4911,TRUE
RT @BernardineEvari: So this week I was awarded the Gold Medal of Honorary Patronage by the Philosophical Society (est 1683 &amp; the world's o‚Ä¶,,SandriCollins,15,TRUE
"RT @derekjames150: The #DonaldTrump years have been disastrous. But, on the plus side, it has served as a wake up call for western democrac‚Ä¶",,MalgorzataWhor1,74,TRUE
@YouTube closes an account that posted videos about #Benghazi evidence against #ClintonCrimeFamily and #JoeBiden‚Ä¶ https://t.co/Q8PGvOzieF,YouTube,TooOldForThisS8,0,FALSE
RT @BetteMidler: Tonight a woman in the audience of Trump's town hall began her question by telling him he has a great smile &amp; he's so hand‚Ä¶,,shrewofFate,3881,TRUE
RT @TerlouwArie: @erikmouthaanRTL Ah Erik...nu ik u toch spreek : Hoe zit het nou met al die verhalen rond #HillaryClinton #HunterBiden #Jo‚Ä¶,,nitrotrumpet,4,TRUE
RT @moneycontrolcom: #USElectionsTracker: US President Donald Trump is counting on the states where he won heavily in 2016 as the campaign‚Ä¶,,AjayNisahd,1,TRUE
RT @WilkowMajority: If #Twitter won't let you post the link....Save this image and then post it. #HunterBidenEmails #HunterBiden #JoeBiden‚Ä¶,,Audrey850,714,TRUE
"RT @SandraSentinel: Facebook and Twitter and Google have interfered in election more than Russia and China.

Makes one wonder is Russia and‚Ä¶",,samaxe71266965,201,TRUE
RT @JackieEco: How to DESTROY rump!!#DumpTrump #VoteBlueToSaveOurDemocracy #VoteEarly #VoteInPerson #VoteBlue #Resist #Politics #CNN #Presi‚Ä¶,,JackieEco,1,TRUE
@tomselliott @JoeBiden Does #JoeBiden not give a fig for Hunter's legs?!?,tomselliott,utopianindigent,0,FALSE
RT @RealJamesWoods: Sharpshooter #JoeBiden: ‚ÄúShoot ‚Äòem in the leg!‚Äù  https://t.co/4sLt3Ij4tD,,janicestweets,3232,TRUE
RT @BetteMidler: Tonight a woman in the audience of Trump's town hall began her question by telling him he has a great smile &amp; he's so hand‚Ä¶,,JosephR1201,3881,TRUE
RT @hermannkelly: Big Tech is a big danger to Irish democracy. Twitter censoring then lying about #JoeBiden and #Ukraine. Clear evidence he‚Ä¶,,Marie61172377,8,TRUE
RT @BetteMidler: OMG!  #JoeBiden speaks like a human being!  And he‚Äôs actually answering the questions!  It‚Äôs so exciting!  How we have mis‚Ä¶,,gashigar1,4911,TRUE
RT @BetteMidler: Tonight a woman in the audience of Trump's town hall began her question by telling him he has a great smile &amp; he's so hand‚Ä¶,,CrowleysLambert,3881,TRUE
RT @BetteMidler: OMG!  #JoeBiden speaks like a human being!  And he‚Äôs actually answering the questions!  It‚Äôs so exciting!  How we have mis‚Ä¶,,kdp59,4911,TRUE
RT @RealJamesWoods: Sharpshooter #JoeBiden: ‚ÄúShoot ‚Äòem in the leg!‚Äù  https://t.co/4sLt3Ij4tD,,thezafrican,3232,TRUE
"RT @sjs856: Lift Every Voice: Why Black People Should Vote For Joe Biden and Kamala Harris

@SymoneDSanders 

#DrewComments #BidenHarris202‚Ä¶",,miguelfenty,645,TRUE
RT @BetteMidler: Tonight a woman in the audience of Trump's town hall began her question by telling him he has a great smile &amp; he's so hand‚Ä¶,,Tony_Porras2050,3881,TRUE
RT @BernardineEvari: So this week I was awarded the Gold Medal of Honorary Patronage by the Philosophical Society (est 1683 &amp; the world's o‚Ä¶,,the_blochian,15,TRUE
RT @BetteMidler: Tonight a woman in the audience of Trump's town hall began her question by telling him he has a great smile &amp; he's so hand‚Ä¶,,JosephineDeLaR6,3881,TRUE
RT @BetteMidler: OMG!  #JoeBiden speaks like a human being!  And he‚Äôs actually answering the questions!  It‚Äôs so exciting!  How we have mis‚Ä¶,,oldblackcat13,4911,TRUE
RT @BetteMidler: Tonight a woman in the audience of Trump's town hall began her question by telling him he has a great smile &amp; he's so hand‚Ä¶,,leonorvargas20,3881,TRUE
RT @BetteMidler: OMG!  #JoeBiden speaks like a human being!  And he‚Äôs actually answering the questions!  It‚Äôs so exciting!  How we have mis‚Ä¶,,MccarronWendy,4911,TRUE
RT @BetteMidler: Tonight a woman in the audience of Trump's town hall began her question by telling him he has a great smile &amp; he's so hand‚Ä¶,,SuruchiGokhale,3881,TRUE
RT @BernardineEvari: So this week I was awarded the Gold Medal of Honorary Patronage by the Philosophical Society (est 1683 &amp; the world's o‚Ä¶,,catwrote,15,TRUE
"RT @SandraSentinel: Facebook and Twitter and Google have interfered in election more than Russia and China.

Makes one wonder is Russia and‚Ä¶",,speakerforthed5,201,TRUE
"RT @John_Kass: #JoeBiden &amp; the Democrats had this impeachment thing that was bleepin' golden, but #HunterBiden messed it up. My latest colu‚Ä¶",,kris_kinder,65,TRUE
RT @BetteMidler: Tonight a woman in the audience of Trump's town hall began her question by telling him he has a great smile &amp; he's so hand‚Ä¶,,MichaelHowardR2,3881,TRUE
RT @BetteMidler: OMG!  #JoeBiden speaks like a human being!  And he‚Äôs actually answering the questions!  It‚Äôs so exciting!  How we have mis‚Ä¶,,T77Jim,4911,TRUE
RT @BetteMidler: Tonight a woman in the audience of Trump's town hall began her question by telling him he has a great smile &amp; he's so hand‚Ä¶,,MatthewsDianme,3881,TRUE
RT @BetteMidler: OMG!  #JoeBiden speaks like a human being!  And he‚Äôs actually answering the questions!  It‚Äôs so exciting!  How we have mis‚Ä¶,,Phyllis30188634,4911,TRUE
RT @BetteMidler: Tonight a woman in the audience of Trump's town hall began her question by telling him he has a great smile &amp; he's so hand‚Ä¶,,AnnStrahm,3881,TRUE
#USElectionsTracker: US President Donald Trump is counting on the states where he won heavily in 2016 as the campai‚Ä¶ https://t.co/lReiyVsQDl,,moneycontrolcom,1,FALSE
RT @BetteMidler: Tonight a woman in the audience of Trump's town hall began her question by telling him he has a great smile &amp; he's so hand‚Ä¶,,talorelli,3881,TRUE
"RT @BetteMidler: A great, coherent, actually #hopefulTownHall thanks to #JOEBIDEN.   It was such a thrill to hear intelligent questions ans‚Ä¶",,ciao6988,945,TRUE
RT @BetteMidler: Tonight a woman in the audience of Trump's town hall began her question by telling him he has a great smile &amp; he's so hand‚Ä¶,,PrrrrrRob,3881,TRUE
"RT @21WIRE: We now know the Russians never meddled or interfered in the 2016 &amp; 2018 elections. No, the threat is much closer to home. Here'‚Ä¶",,RBHam63,99,TRUE
RT @RealJamesWoods: Sharpshooter #JoeBiden: ‚ÄúShoot ‚Äòem in the leg!‚Äù  https://t.co/4sLt3Ij4tD,,JRW7305,3232,TRUE
RT @BetteMidler: Tonight a woman in the audience of Trump's town hall began her question by telling him he has a great smile &amp; he's so hand‚Ä¶,,Die_Strickoma,3881,TRUE
"RT @BetteMidler: A great, coherent, actually #hopefulTownHall thanks to #JOEBIDEN.   It was such a thrill to hear intelligent questions ans‚Ä¶",,JeriMiller110,945,TRUE
RT @BetteMidler: Tonight a woman in the audience of Trump's town hall began her question by telling him he has a great smile &amp; he's so hand‚Ä¶,,glambertgranny,3881,TRUE
RT @BetteMidler: Tonight a woman in the audience of Trump's town hall began her question by telling him he has a great smile &amp; he's so hand‚Ä¶,,Phyllis30188634,3881,TRUE
RT @BetteMidler: Tonight a woman in the audience of Trump's town hall began her question by telling him he has a great smile &amp; he's so hand‚Ä¶,,KingNegroni,3881,TRUE
RT @BetteMidler: Tonight a woman in the audience of Trump's town hall began her question by telling him he has a great smile &amp; he's so hand‚Ä¶,,johncoriem_john,3881,TRUE
"@GiannoCaldwell Now ask #JoeBiden.  He actually has verifiable links to the White Supremacist #KKK. 
Not asking‚Ä¶ https://t.co/KftmxXSLXJ",GiannoCaldwell,utopianindigent,0,FALSE
RT @BetteMidler: Tonight a woman in the audience of Trump's town hall began her question by telling him he has a great smile &amp; he's so hand‚Ä¶,,ShulzL,3881,TRUE
RT @BetteMidler: OMG!  #JoeBiden speaks like a human being!  And he‚Äôs actually answering the questions!  It‚Äôs so exciting!  How we have mis‚Ä¶,,Pandora60now,4911,TRUE
RT @BetteMidler: Tonight a woman in the audience of Trump's town hall began her question by telling him he has a great smile &amp; he's so hand‚Ä¶,,samXmcbride,3881,TRUE
RT @BetteMidler: OMG!  #JoeBiden speaks like a human being!  And he‚Äôs actually answering the questions!  It‚Äôs so exciting!  How we have mis‚Ä¶,,PiyushK83385219,4911,TRUE
"RT @sjs856: Lift Every Voice: Why Black People Should Vote For Joe Biden and Kamala Harris

@SymoneDSanders 

#DrewComments #BidenHarris202‚Ä¶",,Blue__Sailor,645,TRUE
RT @tom_paints: Imagine thinking Mr. Rogers is an insult.  It's a beautiful day to vote for Biden. #JoeBiden #Election2020 https://t.co/n1q‚Ä¶,,realOpMaga,103,TRUE
RT @BetteMidler: OMG!  #JoeBiden speaks like a human being!  And he‚Äôs actually answering the questions!  It‚Äôs so exciting!  How we have mis‚Ä¶,,ssc153,4911,TRUE
RT @BetteMidler: Tonight a woman in the audience of Trump's town hall began her question by telling him he has a great smile &amp; he's so hand‚Ä¶,,anjenhic,3881,TRUE
I like #MrRogers. And I really like our new #President - #JoeBiden.,,PJB956,0,FALSE
I believe #JoeBiden will #VOTE  for #DonaldTrump,,Hunter19302,0,FALSE
RT @BetteMidler: Tonight a woman in the audience of Trump's town hall began her question by telling him he has a great smile &amp; he's so hand‚Ä¶,,Sophia_RESISTS,3881,TRUE
RT @BetteMidler: OMG!  #JoeBiden speaks like a human being!  And he‚Äôs actually answering the questions!  It‚Äôs so exciting!  How we have mis‚Ä¶,,Ritznava,4911,TRUE
RT @BetteMidler: Tonight a woman in the audience of Trump's town hall began her question by telling him he has a great smile &amp; he's so hand‚Ä¶,,fireworkbonnie,3881,TRUE
"RT @JordanSekulow: In email from #Burisma exec to #HunterBiden - ‚ÄúDear Hunter, thank you for inviting me to DC and giving an opportunity to‚Ä¶",,hmwill8_harold,1586,TRUE
RT @BetteMidler: OMG!  #JoeBiden speaks like a human being!  And he‚Äôs actually answering the questions!  It‚Äôs so exciting!  How we have mis‚Ä¶,,GRAHAMMOORE11,4911,TRUE
RT @BetteMidler: Tonight a woman in the audience of Trump's town hall began her question by telling him he has a great smile &amp; he's so hand‚Ä¶,,MalkinJan,3881,TRUE
"RT @linacantalupa: @MSNBC If you watched #BidenTownHallABC you were informed on #JoeBiden‚Äôs transparency, policies, America‚Äôs future and un‚Ä¶",,NJshorelady,5,TRUE
"RT @SandraSentinel: Facebook and Twitter and Google have interfered in election more than Russia and China.

Makes one wonder is Russia and‚Ä¶",,dp178,201,TRUE
"@mercedesschlapp @JoeBiden @ABCPolitics Like, #JoeBiden is talking POLICY and connecting with the people ü§ùüèº #Vote‚Ä¶ https://t.co/Wr0IWUxgZj",mercedesschlapp,LuxeTravelGuru,0,FALSE
RT @BetteMidler: Tonight a woman in the audience of Trump's town hall began her question by telling him he has a great smile &amp; he's so hand‚Ä¶,,kosser_riaz,3881,TRUE
RT @BetteMidler: Tonight a woman in the audience of Trump's town hall began her question by telling him he has a great smile &amp; he's so hand‚Ä¶,,earthmother634,3881,TRUE
@Manny_Funes @realDonaldTrump @nbc NO.  We  did NOT watch @realDonaldTrump on @NBC tonight.  We watched #JoeBiden o‚Ä¶ https://t.co/r3Vif1AVPt,Manny_Funes,washumom,0,FALSE
RT @RealJamesWoods: Sharpshooter #JoeBiden: ‚ÄúShoot ‚Äòem in the leg!‚Äù  https://t.co/4sLt3Ij4tD,,Macfatty497,3232,TRUE
RT @BetteMidler: Tonight a woman in the audience of Trump's town hall began her question by telling him he has a great smile &amp; he's so hand‚Ä¶,,PamSandwiches,3881,TRUE
RT @BetteMidler: Tonight a woman in the audience of Trump's town hall began her question by telling him he has a great smile &amp; he's so hand‚Ä¶,,20tBob4,3881,TRUE
RT @BetteMidler: OMG!  #JoeBiden speaks like a human being!  And he‚Äôs actually answering the questions!  It‚Äôs so exciting!  How we have mis‚Ä¶,,TRICKYWAPPY,4911,TRUE
RT @BetteMidler: Tonight a woman in the audience of Trump's town hall began her question by telling him he has a great smile &amp; he's so hand‚Ä¶,,deirdredelahunt,3881,TRUE
"RT @BetteMidler: A great, coherent, actually #hopefulTownHall thanks to #JOEBIDEN.   It was such a thrill to hear intelligent questions ans‚Ä¶",,WSSmith_wsg,945,TRUE
RT @BetteMidler: OMG!  #JoeBiden speaks like a human being!  And he‚Äôs actually answering the questions!  It‚Äôs so exciting!  How we have mis‚Ä¶,,Remo822,4911,TRUE
RT @BetteMidler: Tonight a woman in the audience of Trump's town hall began her question by telling him he has a great smile &amp; he's so hand‚Ä¶,,ScrewedContrac1,3881,TRUE
"RT @wirelesshogan: At the #AbcTownHall, #JoeBiden was asked about #GreenEnergy by a woman from Pennsylvania who prefaced her question with‚Ä¶",,Anthony93516773,40,TRUE
RT @BetteMidler: Tonight a woman in the audience of Trump's town hall began her question by telling him he has a great smile &amp; he's so hand‚Ä¶,,RSVP2Robin,3881,TRUE
RT @RealJamesWoods: Sharpshooter #JoeBiden: ‚ÄúShoot ‚Äòem in the leg!‚Äù  https://t.co/4sLt3Ij4tD,,BaptisteGfry,3232,TRUE
RT @BetteMidler: Tonight a woman in the audience of Trump's town hall began her question by telling him he has a great smile &amp; he's so hand‚Ä¶,,WrapItUpHarder,3881,TRUE
"RT @BetteMidler: A great, coherent, actually #hopefulTownHall thanks to #JOEBIDEN.   It was such a thrill to hear intelligent questions ans‚Ä¶",,michellesawyer6,945,TRUE
RT @BetteMidler: Tonight a woman in the audience of Trump's town hall began her question by telling him he has a great smile &amp; he's so hand‚Ä¶,,Oneredbird1,3881,TRUE
RT @BetteMidler: Tonight a woman in the audience of Trump's town hall began her question by telling him he has a great smile &amp; he's so hand‚Ä¶,,perihalajian,3881,TRUE
RT @BetteMidler: Tonight a woman in the audience of Trump's town hall began her question by telling him he has a great smile &amp; he's so hand‚Ä¶,,amlynrod,3881,TRUE
RT @BetteMidler: Tonight a woman in the audience of Trump's town hall began her question by telling him he has a great smile &amp; he's so hand‚Ä¶,,lorri29959,3881,TRUE
Many in #US are unaware that this investigation was initiated 3 yrs ago by the General Prosecutor‚Äôs Office (GPO) of‚Ä¶ https://t.co/Sp6GEmiH2I,,RealJoelGomes,0,FALSE
"RT @F_Rossi_: #JoeBiden, durante #TownHallABC, ha sostenuto che una bambina di 8 anni sia in grado di decidere sul fatto di essere transgen‚Ä¶",,SeratEnrico,4,TRUE
"@POTUS vs #Democrats 

#JoeBiden #SleepyJoe #Trump #Trump2020Landslide https://t.co/u4fLHMF3CQ",POTUS,DVteV,0,FALSE
RT @BetteMidler: Tonight a woman in the audience of Trump's town hall began her question by telling him he has a great smile &amp; he's so hand‚Ä¶,,JustUrAvgJoe,3881,TRUE
RT @BetteMidler: OMG!  #JoeBiden speaks like a human being!  And he‚Äôs actually answering the questions!  It‚Äôs so exciting!  How we have mis‚Ä¶,,crunchygoodness,4911,TRUE
RT @BetteMidler: OMG!  #JoeBiden speaks like a human being!  And he‚Äôs actually answering the questions!  It‚Äôs so exciting!  How we have mis‚Ä¶,,MarysiaT,4911,TRUE
RT @BetteMidler: Tonight a woman in the audience of Trump's town hall began her question by telling him he has a great smile &amp; he's so hand‚Ä¶,,blk_LM,3881,TRUE
"RT @BetteMidler: A great, coherent, actually #hopefulTownHall thanks to #JOEBIDEN.   It was such a thrill to hear intelligent questions ans‚Ä¶",,glennlloydscott,945,TRUE
RT @BetteMidler: Tonight a woman in the audience of Trump's town hall began her question by telling him he has a great smile &amp; he's so hand‚Ä¶,,NinaL2009,3881,TRUE
RT @BetteMidler: Tonight a woman in the audience of Trump's town hall began her question by telling him he has a great smile &amp; he's so hand‚Ä¶,,SMOOTHBRIDGE,3881,TRUE
"RT @BetteMidler: A great, coherent, actually #hopefulTownHall thanks to #JOEBIDEN.   It was such a thrill to hear intelligent questions ans‚Ä¶",,coyle911,945,TRUE
RT @RealJamesWoods: Sharpshooter #JoeBiden: ‚ÄúShoot ‚Äòem in the leg!‚Äù  https://t.co/4sLt3Ij4tD,,Medicineman45,3232,TRUE
RT @BetteMidler: OMG!  #JoeBiden speaks like a human being!  And he‚Äôs actually answering the questions!  It‚Äôs so exciting!  How we have mis‚Ä¶,,MalkinJan,4911,TRUE
RT @BetteMidler: Tonight a woman in the audience of Trump's town hall began her question by telling him he has a great smile &amp; he's so hand‚Ä¶,,Jeccapritch,3881,TRUE
"RT @TW_nextmedia: Áç®ÂÆ∂ÔΩúÊãúÁôªÂÖíÂ≠êÊõæË®™Âè∞„ÄåÁ•ûÁ•ïÁâΩÁ∑ö‰∫∫„ÄçÊõùÂÖâÔºåÂØÜÊúÉÈáëËûçÈ´òÂ±§Âê≥Êï¶Áæ©Â•≥ÂÖí‰ª£Áà∂ÁèæË∫´
#ÊãúÁôª #JoeBiden @JoeBiden
 #ËòãÊûúË™øÊü• #Âê≥Êï¶Áæ© #ÎåÄÎßå #Âè∞Êπæ #Taiwan #Âè∞ÁÅ£ #‰∏≠Âúã #china #ËòãÊûúÁç®ÂÆ∂ #ËòãÊûúÊñ∞ËÅûÁ∂≤ #appl‚Ä¶",,Burke1428,27,TRUE
"RT @F_Rossi_: #JoeBiden, durante #TownHallABC, ha sostenuto che una bambina di 8 anni sia in grado di decidere sul fatto di essere transgen‚Ä¶",,giancarlobak,4,TRUE
RT @LevinaNeythiri: This is how #JoeBiden hurt #ISRO. üëáThere were back to back attempts to sabotage ISRO‚Äôs projects. My video about‚ÄîJoe Bid‚Ä¶,,A31X64Vijay,433,TRUE
So the story was #HunterBiden was hired by and put on the #Burisma Board to help with corporate governance.  Yet du‚Ä¶ https://t.co/hg9afrRvGq,,PatriotCatArmy1,0,FALSE
@MarkDice @JoeBiden A fraud who sold his office to enrich his family and himself. #JoeBiden is a garden variety gan‚Ä¶ https://t.co/MvfDExNUUB,MarkDice,p_hdb,1,FALSE
When will the mass media come on the scene? #JoeBiden's son admits that his father took money he received from Ukra‚Ä¶ https://t.co/Wc62xFgJDb,,Krull123l,0,FALSE
RT @BetteMidler: Tonight a woman in the audience of Trump's town hall began her question by telling him he has a great smile &amp; he's so hand‚Ä¶,,PopzAndz,3881,TRUE
RT @BetteMidler: OMG!  #JoeBiden speaks like a human being!  And he‚Äôs actually answering the questions!  It‚Äôs so exciting!  How we have mis‚Ä¶,,craig53127128,4911,TRUE
"RT @KVajpayaee: #Katyayan #IndianAmericans #DemocraticParty #JoeBiden
#JoeBidenKamalaHarris2020 #TrumpIsALoser #TrumpLied200KDied #ModiLies‚Ä¶",,MSpadine,1,TRUE
RT @BetteMidler: Tonight a woman in the audience of Trump's town hall began her question by telling him he has a great smile &amp; he's so hand‚Ä¶,,ssc153,3881,TRUE
Weird more corruption connected to #joebiden!! ü§Øü§¢ü§¢ü§¢ https://t.co/AdUVLXOQLm,,Myst4,0,FALSE
"RT @JosieSephora: #DJT was ‚Äúevasive, defensive &amp; combative... He declined to disavow QAnon conspiracy theory.‚Äù

#JoeBiden is ‚Äútrying to bri‚Ä¶",,_Unionistparty,2,TRUE
"RT @deutsch365: ‚ùå‚ùåüá∫üá∏üá∫üá∏ #JoeBiden sagt, Polizisten sollten Vorf√§lle mit gewaltt√§tigen Verd√§chtigen ""deeskalieren"", indem sie ""ihnen ins Bein‚Ä¶",,nunjadie,2,TRUE
RT @BetteMidler: Tonight a woman in the audience of Trump's town hall began her question by telling him he has a great smile &amp; he's so hand‚Ä¶,,Ciastko_,3881,TRUE
RT @BetteMidler: OMG!  #JoeBiden speaks like a human being!  And he‚Äôs actually answering the questions!  It‚Äôs so exciting!  How we have mis‚Ä¶,,RosemarieBrown3,4911,TRUE
RT @BetteMidler: OMG!  #JoeBiden speaks like a human being!  And he‚Äôs actually answering the questions!  It‚Äôs so exciting!  How we have mis‚Ä¶,,Sharry16342143,4911,TRUE
RT @BetteMidler: Tonight a woman in the audience of Trump's town hall began her question by telling him he has a great smile &amp; he's so hand‚Ä¶,,vikkiking,3881,TRUE
RT @BetteMidler: Tonight a woman in the audience of Trump's town hall began her question by telling him he has a great smile &amp; he's so hand‚Ä¶,,CeeBaloo,3881,TRUE
RT @BetteMidler: Tonight a woman in the audience of Trump's town hall began her question by telling him he has a great smile &amp; he's so hand‚Ä¶,,MailinThomas,3881,TRUE
RT @derekjames150: #JoeBiden is all about EQUALITY. #DonaldTrump is all about  DIVISION. #JoeBiden is all about OPPORTUNITY. #DonaldTrump i‚Ä¶,,mcleod_robert,3,TRUE
RT @BetteMidler: Tonight a woman in the audience of Trump's town hall began her question by telling him he has a great smile &amp; he's so hand‚Ä¶,,riggerx,3881,TRUE
Always interesting to see where #Twitter censorship strikes next. They really are working overtime for #JoeBiden https://t.co/NNNLMzPP2r,,alkanomega,0,FALSE
RT @BetteMidler: OMG!  #JoeBiden speaks like a human being!  And he‚Äôs actually answering the questions!  It‚Äôs so exciting!  How we have mis‚Ä¶,,golfndadblogger,4911,TRUE
"RT @sjs856: Lift Every Voice: Why Black People Should Vote For Joe Biden and Kamala Harris

@SymoneDSanders 

#DrewComments #BidenHarris202‚Ä¶",,geektify,645,TRUE
RT @BetteMidler: Tonight a woman in the audience of Trump's town hall began her question by telling him he has a great smile &amp; he's so hand‚Ä¶,,momster_s,3881,TRUE
"RT @SandraSentinel: Facebook and Twitter and Google have interfered in election more than Russia and China.

Makes one wonder is Russia and‚Ä¶",,TheMarcusEly,201,TRUE
"RT @AuroraBlogspot: #FBPE, #facciamorete and #FBR are having a twitter storm on Friday the 16th of October in support of #JoeBiden. 

Time:‚Ä¶",,magiecarew,125,TRUE
RT @BetteMidler: OMG!  #JoeBiden speaks like a human being!  And he‚Äôs actually answering the questions!  It‚Äôs so exciting!  How we have mis‚Ä¶,,N4CeeJayUU,4911,TRUE
RT @BetteMidler: OMG!  #JoeBiden speaks like a human being!  And he‚Äôs actually answering the questions!  It‚Äôs so exciting!  How we have mis‚Ä¶,,trkdrvnmama,4911,TRUE
"RT @SandraSentinel: Facebook and Twitter and Google have interfered in election more than Russia and China.

Makes one wonder is Russia and‚Ä¶",,Brae_Andrews,201,TRUE
RT @BetteMidler: Tonight a woman in the audience of Trump's town hall began her question by telling him he has a great smile &amp; he's so hand‚Ä¶,,skipz,3881,TRUE
"""It's a beautiful day in the neighborhood""

#MrRogers is trending #1 thanks to a good, empathetic, kind man #JoeBiden",,CoffeeForever5,0,FALSE
RT @tom_paints: Imagine thinking Mr. Rogers is an insult.  It's a beautiful day to vote for Biden. #JoeBiden #Election2020 https://t.co/n1q‚Ä¶,,_Queenofswords,103,TRUE
RT @BetteMidler: Tonight a woman in the audience of Trump's town hall began her question by telling him he has a great smile &amp; he's so hand‚Ä¶,,Dearkens,3881,TRUE
"RT @SandraSentinel: Facebook and Twitter and Google have interfered in election more than Russia and China.

Makes one wonder is Russia and‚Ä¶",,craigzimmerman6,201,TRUE
RT @Lykten_no: Dagens nyhet. N√•r skal massemedia komme p√• banen? #JoeBiden sin s√∏nn innr√∏mmer at faren hans tok penger han fikk fra Ukraina‚Ä¶,,Krull123l,1,TRUE
RT @BetteMidler: Tonight a woman in the audience of Trump's town hall began her question by telling him he has a great smile &amp; he's so hand‚Ä¶,,gwyndelarth3,3881,TRUE
RT @BetteMidler: Tonight a woman in the audience of Trump's town hall began her question by telling him he has a great smile &amp; he's so hand‚Ä¶,,sharonflink,3881,TRUE
RT @BetteMidler: Tonight a woman in the audience of Trump's town hall began her question by telling him he has a great smile &amp; he's so hand‚Ä¶,,Rad_Acceptance,3881,TRUE
RT @BetteMidler: Tonight a woman in the audience of Trump's town hall began her question by telling him he has a great smile &amp; he's so hand‚Ä¶,,elizabethresko,3881,TRUE
#JoeBidenIsALiar #joebiden #joebiden47yrsofCorruption #HunterBiden #DemocratsAreDestroyingAmerica‚Ä¶ https://t.co/QKpCLVP5sM,,Myst4,0,FALSE
RT @BetteMidler: Tonight a woman in the audience of Trump's town hall began her question by telling him he has a great smile &amp; he's so hand‚Ä¶,,KaylynBelcher,3881,TRUE
"RT @SandraSentinel: Facebook and Twitter and Google have interfered in election more than Russia and China.

Makes one wonder is Russia and‚Ä¶",,MemeTweets1000,201,TRUE
"RT @Muser: Â¶ÇÊûú‰∏çËÉΩË≤ºÈÄ£ÁµêÔºåÂ∞±Áõ¥Êé•Ë≤ºÂúñÁâá„ÄÇ #JoeBiden #Crooked 
Email reveals how Hunter Biden introduced Ukrainian businessman to his dad.
Twitter has bann‚Ä¶",,singsingarsing,7,TRUE
RT @BetteMidler: OMG!  #JoeBiden speaks like a human being!  And he‚Äôs actually answering the questions!  It‚Äôs so exciting!  How we have mis‚Ä¶,,Netwebangel,4911,TRUE
RT @BetteMidler: Tonight a woman in the audience of Trump's town hall began her question by telling him he has a great smile &amp; he's so hand‚Ä¶,,leej18lee,3881,TRUE
RT @BetteMidler: Tonight a woman in the audience of Trump's town hall began her question by telling him he has a great smile &amp; he's so hand‚Ä¶,,lunatwit,3881,TRUE
RT @derekjames150: #JoeBiden is all about EQUALITY. #DonaldTrump is all about  DIVISION. #JoeBiden is all about OPPORTUNITY. #DonaldTrump i‚Ä¶,,Samanth54640744,3,TRUE
RT @BetteMidler: Tonight a woman in the audience of Trump's town hall began her question by telling him he has a great smile &amp; he's so hand‚Ä¶,,Sunshinegirl4,3881,TRUE
"RT @F_Rossi_: #JoeBiden, durante #TownHallABC, ha sostenuto che una bambina di 8 anni sia in grado di decidere sul fatto di essere transgen‚Ä¶",,saraosalvatore,4,TRUE
"RT @TheOtherRosie: @realDonaldTrump Why do you behave like a #clown on TV, can't you be serious &amp; presidential like #JoeBiden?",,Samanth54640744,1,TRUE
RT @BetteMidler: Tonight a woman in the audience of Trump's town hall began her question by telling him he has a great smile &amp; he's so hand‚Ä¶,,T77Jim,3881,TRUE
RT @BetteMidler: Tonight a woman in the audience of Trump's town hall began her question by telling him he has a great smile &amp; he's so hand‚Ä¶,,Ingrid59900455,3881,TRUE
RT @BetteMidler: Tonight a woman in the audience of Trump's town hall began her question by telling him he has a great smile &amp; he's so hand‚Ä¶,,lestes1242,3881,TRUE
RT @BetteMidler: Tonight a woman in the audience of Trump's town hall began her question by telling him he has a great smile &amp; he's so hand‚Ä¶,,joydiv66,3881,TRUE
RT @CoBallinger: #DonaldTrump and #JoeBiden both took questions via video link from voters on different television networks last night. Tru‚Ä¶,,Samanth54640744,1,TRUE
RT @BetteMidler: Tonight a woman in the audience of Trump's town hall began her question by telling him he has a great smile &amp; he's so hand‚Ä¶,,bdearman711,3881,TRUE
RT @BetteMidler: Tonight a woman in the audience of Trump's town hall began her question by telling him he has a great smile &amp; he's so hand‚Ä¶,,MTmarilyn2,3881,TRUE
RT @RealJamesWoods: Sharpshooter #JoeBiden: ‚ÄúShoot ‚Äòem in the leg!‚Äù  https://t.co/4sLt3Ij4tD,,CuckmeisterGen,3232,TRUE
RT @BetteMidler: Tonight a woman in the audience of Trump's town hall began her question by telling him he has a great smile &amp; he's so hand‚Ä¶,,jm233966,3881,TRUE
RT @BetteMidler: OMG!  #JoeBiden speaks like a human being!  And he‚Äôs actually answering the questions!  It‚Äôs so exciting!  How we have mis‚Ä¶,,GloriaChalmers4,4911,TRUE
RT @BetteMidler: Tonight a woman in the audience of Trump's town hall began her question by telling him he has a great smile &amp; he's so hand‚Ä¶,,markini47,3881,TRUE
RT @BetteMidler: Tonight a woman in the audience of Trump's town hall began her question by telling him he has a great smile &amp; he's so hand‚Ä¶,,janetBi16089290,3881,TRUE
"RT @deutsch365: ‚ùå‚ùåüá∫üá∏üá∫üá∏ #JoeBiden sagt, Polizisten sollten Vorf√§lle mit gewaltt√§tigen Verd√§chtigen ""deeskalieren"", indem sie ""ihnen ins Bein‚Ä¶",,cachete94249129,2,TRUE
RT @sarahhasted: I‚Äôve always LOVED this....üëáüèº#MrRogers #JoeBiden ‚ô•Ô∏è,,Samanth54640744,1,TRUE
"RT @deutsch365: ‚ùå‚ùåüá∫üá∏üá∫üá∏ Hunter #Biden, Sohn von #JoeBiden .... Er wurde wegen Kokainmissbrauch unehrenhaft aus der Marine Reserve entlassen.‚Ä¶",,JSPcom,23,TRUE
RT @BetteMidler: Tonight a woman in the audience of Trump's town hall began her question by telling him he has a great smile &amp; he's so hand‚Ä¶,,jjsamos,3881,TRUE
RT @BetteMidler: Tonight a woman in the audience of Trump's town hall began her question by telling him he has a great smile &amp; he's so hand‚Ä¶,,Laura6T5,3881,TRUE
RT @BetteMidler: Tonight a woman in the audience of Trump's town hall began her question by telling him he has a great smile &amp; he's so hand‚Ä¶,,CARMELI73414810,3881,TRUE
"‚ùå‚ùåüá∫üá∏üá∫üá∏ #JoeBiden sagt, Polizisten sollten Vorf√§lle mit gewaltt√§tigen Verd√§chtigen ""deeskalieren"", indem sie ""ihnen‚Ä¶ https://t.co/rc0s9HqVWH",,deutsch365,2,FALSE
"This is serious business. @Facebook and @Twitter are doing all they can to block it, but voters have a right to fac‚Ä¶ https://t.co/aA3YLPdPiI",,RealJamesLayne,0,FALSE
"RT @Georgygirl9: Question: If an administration did not perform its constitutional duty to accurately conduct a census, could the next admi‚Ä¶",,Samanth54640744,1,TRUE
RT @BetteMidler: OMG!  #JoeBiden speaks like a human being!  And he‚Äôs actually answering the questions!  It‚Äôs so exciting!  How we have mis‚Ä¶,,AriannRavenswo1,4911,TRUE
"RT @jeffreycortese: I tried over the last two weeks to have this published, but was unsuccessful. I will not opine on why that may be as I‚Ä¶",,JohnHuff4,101,TRUE
RT @BetteMidler: Tonight a woman in the audience of Trump's town hall began her question by telling him he has a great smile &amp; he's so hand‚Ä¶,,DiGinWI,3881,TRUE
RT @BetteMidler: Tonight a woman in the audience of Trump's town hall began her question by telling him he has a great smile &amp; he's so hand‚Ä¶,,kdp59,3881,TRUE
RT @BetteMidler: OMG!  #JoeBiden speaks like a human being!  And he‚Äôs actually answering the questions!  It‚Äôs so exciting!  How we have mis‚Ä¶,,nel_schroeder,4911,TRUE
RT @BetteMidler: OMG!  #JoeBiden speaks like a human being!  And he‚Äôs actually answering the questions!  It‚Äôs so exciting!  How we have mis‚Ä¶,,PEK40,4911,TRUE
RT @prayerfeathers: @Oxfordsonly @realDonaldTrump @MZHemingway I'm voting for #JoeBiden because he cares about me. https://t.co/3X0gfteW9r,,Samanth54640744,4,TRUE
"RT @OrbanTheBest: #JoeBiden #HunterBidenEmails 
Isaac laat ook doorschemeren dat de FBI de inhoud van de laptop verbergt als een politieke‚Ä¶",,BergVincentvd,5,TRUE
RT @BetteMidler: Tonight a woman in the audience of Trump's town hall began her question by telling him he has a great smile &amp; he's so hand‚Ä¶,,MSebelist,3881,TRUE
RT @BetteMidler: Tonight a woman in the audience of Trump's town hall began her question by telling him he has a great smile &amp; he's so hand‚Ä¶,,DSandyToes6,3881,TRUE
RT @BetteMidler: Tonight a woman in the audience of Trump's town hall began her question by telling him he has a great smile &amp; he's so hand‚Ä¶,,CClancy43644154,3881,TRUE
"RT @lecho: üá∫üá∏ D√©bat #Trump - #Biden | deux interviews, deux ambiances, mais un sujet: le Covid-19  
‚û° https://t.co/uM9GKzAiPV

@realDonaldT‚Ä¶",,IFlck,1,TRUE
RT @BetteMidler: Tonight a woman in the audience of Trump's town hall began her question by telling him he has a great smile &amp; he's so hand‚Ä¶,,dijames1145,3881,TRUE
RT @YDADMamrie: mametown: RT @BetteMidler: Tonight a woman in the audience of Trump's town hall began her question by telling him he has a‚Ä¶,,Samanth54640744,1,TRUE
RT @BetteMidler: Tonight a woman in the audience of Trump's town hall began her question by telling him he has a great smile &amp; he's so hand‚Ä¶,,CtrlNico,3881,TRUE
RT @tom_paints: Imagine thinking Mr. Rogers is an insult.  It's a beautiful day to vote for Biden. #JoeBiden #Election2020 https://t.co/n1q‚Ä¶,,Karma202014,103,TRUE
"#JoeBiden is the man who was #BarackObama vice president for eight years, promised to recognize the genocide every‚Ä¶ https://t.co/klqObk6SEc",,RRobGasparyan,1,FALSE
#JoeBiden sounded like a President tonight.,,joshuabporter,0,FALSE
RT @BetteMidler: Tonight a woman in the audience of Trump's town hall began her question by telling him he has a great smile &amp; he's so hand‚Ä¶,,selinalouisa,3881,TRUE
"RT @sjs856: Lift Every Voice: Why Black People Should Vote For Joe Biden and Kamala Harris

@SymoneDSanders 

#DrewComments #BidenHarris202‚Ä¶",,bobbied100,645,TRUE
RT @BetteMidler: Tonight a woman in the audience of Trump's town hall began her question by telling him he has a great smile &amp; he's so hand‚Ä¶,,Geog_Paul,3881,TRUE
"RT @Muser: Â¶ÇÊûú‰∏çËÉΩË≤ºÈÄ£ÁµêÔºåÂ∞±Áõ¥Êé•Ë≤ºÂúñÁâá„ÄÇ #JoeBiden #Crooked 
Email reveals how Hunter Biden introduced Ukrainian businessman to his dad.
Twitter has bann‚Ä¶",,roberkaku,7,TRUE
"RT @Inspectah_BEANS: New #Joe Biden Flag. - Hunter Biden Edition.
#VoteBlueNoMatterWho #JoeBiden https://t.co/J3sDoPJczX",,russ30327,2,TRUE
"RT @SandraSentinel: Facebook and Twitter and Google have interfered in election more than Russia and China.

Makes one wonder is Russia and‚Ä¶",,VJJackson7,201,TRUE
RT @BetteMidler: Tonight a woman in the audience of Trump's town hall began her question by telling him he has a great smile &amp; he's so hand‚Ä¶,,temptingtalk,3881,TRUE
Read the full transcript of #JoeBiden's ABC News #TownHall - @ABCNews https://t.co/tIIfaAQg9t,,JBucknoff,0,FALSE
RT @RealJamesWoods: Sharpshooter #JoeBiden: ‚ÄúShoot ‚Äòem in the leg!‚Äù  https://t.co/4sLt3Ij4tD,,heidisue608,3232,TRUE
RT @BetteMidler: Tonight a woman in the audience of Trump's town hall began her question by telling him he has a great smile &amp; he's so hand‚Ä¶,,Manderson7337,3881,TRUE
RT @BetteMidler: Tonight a woman in the audience of Trump's town hall began her question by telling him he has a great smile &amp; he's so hand‚Ä¶,,lffrazer,3881,TRUE
RT @BetteMidler: Tonight a woman in the audience of Trump's town hall began her question by telling him he has a great smile &amp; he's so hand‚Ä¶,,Joeleach52,3881,TRUE
RT @BetteMidler: Tonight a woman in the audience of Trump's town hall began her question by telling him he has a great smile &amp; he's so hand‚Ä¶,,AlmiraDemetz,3881,TRUE
People are actually dumb enough to compare #JoeBiden to #MisterRogers?  There is literally only one thing a‚Ä¶ https://t.co/SemB7tZpzH,,JHIsles,0,FALSE
"RT @sjs856: Lift Every Voice: Why Black People Should Vote For Joe Biden and Kamala Harris

@SymoneDSanders 

#DrewComments #BidenHarris202‚Ä¶",,LeAaronFoley,645,TRUE
RT @BetteMidler: OMG!  #JoeBiden speaks like a human being!  And he‚Äôs actually answering the questions!  It‚Äôs so exciting!  How we have mis‚Ä¶,,AmandaB2104,4911,TRUE
"RT @deutsch365: ‚ùå‚ùåüá∫üá∏üá∫üá∏ Hunter #Biden, Sohn von #JoeBiden .... Er wurde wegen Kokainmissbrauch unehrenhaft aus der Marine Reserve entlassen.‚Ä¶",,bobbykolmann,23,TRUE
RT @BetteMidler: OMG!  #JoeBiden speaks like a human being!  And he‚Äôs actually answering the questions!  It‚Äôs so exciting!  How we have mis‚Ä¶,,TNKABTIT,4911,TRUE
"üö®NEW VIDEO ALERTüö®

Steve Scully FIRED! | Third debate back on? | Will Joe Rogan Moderate?

LINK ‚¨áÔ∏è‚Ä¶ https://t.co/8sQVFltcLl",,APJoe_official,0,FALSE
"RT @shossy2: I pledge to watch the #JoeBiden Town Hall tomorrow night &amp; will not tune in to @NBC as long as tRump is on air.
Are you with m‚Ä¶",,washumom,113,TRUE
RT @BetteMidler: OMG!  #JoeBiden speaks like a human being!  And he‚Äôs actually answering the questions!  It‚Äôs so exciting!  How we have mis‚Ä¶,,philnurenberg,4911,TRUE
RT @BetteMidler: OMG!  #JoeBiden speaks like a human being!  And he‚Äôs actually answering the questions!  It‚Äôs so exciting!  How we have mis‚Ä¶,,Carlitav25,4911,TRUE
RT @BetteMidler: Tonight a woman in the audience of Trump's town hall began her question by telling him he has a great smile &amp; he's so hand‚Ä¶,,OperaAlexD,3881,TRUE
RT @BetteMidler: Tonight a woman in the audience of Trump's town hall began her question by telling him he has a great smile &amp; he's so hand‚Ä¶,,JudyVeccherell1,3881,TRUE
RT @RealJamesWoods: Sharpshooter #JoeBiden: ‚ÄúShoot ‚Äòem in the leg!‚Äù  https://t.co/4sLt3Ij4tD,,Jennife75145177,3232,TRUE
"RT @SandraSentinel: Facebook and Twitter and Google have interfered in election more than Russia and China.

Makes one wonder is Russia and‚Ä¶",,SKYRIDER4538,201,TRUE
RT @BetteMidler: Tonight a woman in the audience of Trump's town hall began her question by telling him he has a great smile &amp; he's so hand‚Ä¶,,UnitedAsOne2020,3881,TRUE
RT @BetteMidler: Tonight a woman in the audience of Trump's town hall began her question by telling him he has a great smile &amp; he's so hand‚Ä¶,,Natlia71526127,3881,TRUE
RT @BetteMidler: Tonight a woman in the audience of Trump's town hall began her question by telling him he has a great smile &amp; he's so hand‚Ä¶,,GloriaChalmers4,3881,TRUE
RT @BetteMidler: Tonight a woman in the audience of Trump's town hall began her question by telling him he has a great smile &amp; he's so hand‚Ä¶,,Jat32244,3881,TRUE
RT @BetteMidler: OMG!  #JoeBiden speaks like a human being!  And he‚Äôs actually answering the questions!  It‚Äôs so exciting!  How we have mis‚Ä¶,,mycatisjack,4911,TRUE
RT @BetteMidler: OMG!  #JoeBiden speaks like a human being!  And he‚Äôs actually answering the questions!  It‚Äôs so exciting!  How we have mis‚Ä¶,,winetast3r,4911,TRUE
RT @BetteMidler: Tonight a woman in the audience of Trump's town hall began her question by telling him he has a great smile &amp; he's so hand‚Ä¶,,PattiFink,3881,TRUE
RT @BetteMidler: OMG!  #JoeBiden speaks like a human being!  And he‚Äôs actually answering the questions!  It‚Äôs so exciting!  How we have mis‚Ä¶,,AndrewShiels1,4911,TRUE
"RT @Danilo_Sant65: Il favorito #JoeBiden #sleep mentre parla a una folla di auto 
@realDonaldTrump https://t.co/X8p2emUMxm",,DBuggiano,14,TRUE
RT @BetteMidler: Tonight a woman in the audience of Trump's town hall began her question by telling him he has a great smile &amp; he's so hand‚Ä¶,,cutter78,3881,TRUE
RT @BetteMidler: OMG!  #JoeBiden speaks like a human being!  And he‚Äôs actually answering the questions!  It‚Äôs so exciting!  How we have mis‚Ä¶,,VivProddow,4911,TRUE
"RT @HowieHawkins: I successfully started calling for NY to #BanFracking in my 2010 run for Governor. #JoeBiden continues to push fracking,‚Ä¶",,artramp,54,TRUE
RT @BetteMidler: OMG!  #JoeBiden speaks like a human being!  And he‚Äôs actually answering the questions!  It‚Äôs so exciting!  How we have mis‚Ä¶,,makeyrvoicehrd,4911,TRUE
RT @BetteMidler: Tonight a woman in the audience of Trump's town hall began her question by telling him he has a great smile &amp; he's so hand‚Ä¶,,JoyM2020,3881,TRUE
RT @BetteMidler: Tonight a woman in the audience of Trump's town hall began her question by telling him he has a great smile &amp; he's so hand‚Ä¶,,mercbenzfan1,3881,TRUE
RT @tom_paints: Imagine thinking Mr. Rogers is an insult.  It's a beautiful day to vote for Biden. #JoeBiden #Election2020 https://t.co/n1q‚Ä¶,,VineetAziz,103,TRUE
RT @BetteMidler: Tonight a woman in the audience of Trump's town hall began her question by telling him he has a great smile &amp; he's so hand‚Ä¶,,jnichwest,3881,TRUE
RT @BetteMidler: OMG!  #JoeBiden speaks like a human being!  And he‚Äôs actually answering the questions!  It‚Äôs so exciting!  How we have mis‚Ä¶,,CraigJo80374965,4911,TRUE
RT @BetteMidler: Tonight a woman in the audience of Trump's town hall began her question by telling him he has a great smile &amp; he's so hand‚Ä¶,,assuring_safety,3881,TRUE
RT @BetteMidler: Tonight a woman in the audience of Trump's town hall began her question by telling him he has a great smile &amp; he's so hand‚Ä¶,,AndrewShiels1,3881,TRUE
RT @BetteMidler: Tonight a woman in the audience of Trump's town hall began her question by telling him he has a great smile &amp; he's so hand‚Ä¶,,PitoJet,3881,TRUE
RT @BernardineEvari: So this week I was awarded the Gold Medal of Honorary Patronage by the Philosophical Society (est 1683 &amp; the world's o‚Ä¶,,GCA_Library,15,TRUE
RT @BetteMidler: Tonight a woman in the audience of Trump's town hall began her question by telling him he has a great smile &amp; he's so hand‚Ä¶,,ImOnlyH09354775,3881,TRUE
#JoeBiden #vaccine #Election2020 https://t.co/ZoZXih7XqP,,OrangeB25401617,0,FALSE
RT @andykupf: #JoeBiden cares about people. All colors including Red and Blue. He wears his heart on his sleeve. He‚Äôs neither complicated n‚Ä¶,,Melva_Mud,40,TRUE
"RT @StateofusAll: A heckler in the background yelling at #JoeBiden saying ""Hey Joe finally got out of the basement"" https://t.co/5iIg3WcbtP",,13Lshill,6,TRUE
RT @BetteMidler: OMG!  #JoeBiden speaks like a human being!  And he‚Äôs actually answering the questions!  It‚Äôs so exciting!  How we have mis‚Ä¶,,SandyMB20,4911,TRUE
RT @BetteMidler: Tonight a woman in the audience of Trump's town hall began her question by telling him he has a great smile &amp; he's so hand‚Ä¶,,silver222,3881,TRUE
"RT @sjs856: Lift Every Voice: Why Black People Should Vote For Joe Biden and Kamala Harris

@SymoneDSanders 

#DrewComments #BidenHarris202‚Ä¶",,msgrumpybunny,645,TRUE
"Beside stopping us from talking about Joe Biden's scandal, would you fucking do something, twitter ??

#JoeBiden‚Ä¶ https://t.co/YSodo7S9vy",,KK__Lam,0,FALSE
RT @BetteMidler: Tonight a woman in the audience of Trump's town hall began her question by telling him he has a great smile &amp; he's so hand‚Ä¶,,ego1956,3881,TRUE
RT @BetteMidler: Tonight a woman in the audience of Trump's town hall began her question by telling him he has a great smile &amp; he's so hand‚Ä¶,,resqjuc,3881,TRUE
RT @BetteMidler: Tonight a woman in the audience of Trump's town hall began her question by telling him he has a great smile &amp; he's so hand‚Ä¶,,JayAlpha21,3881,TRUE
"RT @Danilo_Sant65: Il favorito #JoeBiden #sleep mentre parla a una folla di auto 
@realDonaldTrump https://t.co/X8p2emUMxm",,luc_sca,14,TRUE
RT @BetteMidler: Tonight a woman in the audience of Trump's town hall began her question by telling him he has a great smile &amp; he's so hand‚Ä¶,,CJSeahorseMom,3881,TRUE
RT @BetteMidler: Tonight a woman in the audience of Trump's town hall began her question by telling him he has a great smile &amp; he's so hand‚Ä¶,,alyxei1,3881,TRUE
RT @RealJamesWoods: Sharpshooter #JoeBiden: ‚ÄúShoot ‚Äòem in the leg!‚Äù  https://t.co/4sLt3Ij4tD,,trish_brain,3232,TRUE
RT @BetteMidler: OMG!  #JoeBiden speaks like a human being!  And he‚Äôs actually answering the questions!  It‚Äôs so exciting!  How we have mis‚Ä¶,,RhondaHeller6,4911,TRUE
RT @BetteMidler: Tonight a woman in the audience of Trump's town hall began her question by telling him he has a great smile &amp; he's so hand‚Ä¶,,SandyMB20,3881,TRUE
RT @derekjames150: #JoeBiden is all about EQUALITY. #DonaldTrump is all about  DIVISION. #JoeBiden is all about OPPORTUNITY. #DonaldTrump i‚Ä¶,,piyakhanna,3,TRUE
RT @BetteMidler: OMG!  #JoeBiden speaks like a human being!  And he‚Äôs actually answering the questions!  It‚Äôs so exciting!  How we have mis‚Ä¶,,MarijkeDW56,4911,TRUE
"RT @RTenfrancais: ¬´Censurer d'abord, poser les questions ensuite : c'est une attitude scandaleuse pour l'une des plateformes les plus puiss‚Ä¶",,soso13390,28,TRUE
RT @BetteMidler: Tonight a woman in the audience of Trump's town hall began her question by telling him he has a great smile &amp; he's so hand‚Ä¶,,kellyw8461,3881,TRUE
RT @BetteMidler: OMG!  #JoeBiden speaks like a human being!  And he‚Äôs actually answering the questions!  It‚Äôs so exciting!  How we have mis‚Ä¶,,ytcitraining,4911,TRUE
RT @BetteMidler: Tonight a woman in the audience of Trump's town hall began her question by telling him he has a great smile &amp; he's so hand‚Ä¶,,Yzner89,3881,TRUE
RT @BetteMidler: Tonight a woman in the audience of Trump's town hall began her question by telling him he has a great smile &amp; he's so hand‚Ä¶,,LilLadyLonghorn,3881,TRUE
RT @BetteMidler: Tonight a woman in the audience of Trump's town hall began her question by telling him he has a great smile &amp; he's so hand‚Ä¶,,w8ed2bme,3881,TRUE
"Calon presiden AS dari Demokrat, Joe Biden berjanji akan memastikan hak-hak kaum lesbian, gay, bisexual dan queer (‚Ä¶ https://t.co/gR8uQ8oLDI",,detikcom,0,FALSE
RT @BetteMidler: Tonight a woman in the audience of Trump's town hall began her question by telling him he has a great smile &amp; he's so hand‚Ä¶,,gorsuch_brenda,3881,TRUE
"RT @EreaAndrzej: #JoeBiden na jednym tchu wymienia obok siebie Bia≈Çoru≈õ, Polskƒô i Wƒôgry.

Wiecie, co to bƒôdzie oznaczaƒá dla stosunk√≥w polsk‚Ä¶",,Krzysiek_K,31,TRUE
RT @RealJamesWoods: Sharpshooter #JoeBiden: ‚ÄúShoot ‚Äòem in the leg!‚Äù  https://t.co/4sLt3Ij4tD,,ThatSmugKairi,3232,TRUE
RT @BetteMidler: Tonight a woman in the audience of Trump's town hall began her question by telling him he has a great smile &amp; he's so hand‚Ä¶,,VivProddow,3881,TRUE
RT @BetteMidler: Tonight a woman in the audience of Trump's town hall began her question by telling him he has a great smile &amp; he's so hand‚Ä¶,,AgiusK,3881,TRUE
RT @BetteMidler: Tonight a woman in the audience of Trump's town hall began her question by telling him he has a great smile &amp; he's so hand‚Ä¶,,trishamckelvey,3881,TRUE
RT @BetteMidler: Tonight a woman in the audience of Trump's town hall began her question by telling him he has a great smile &amp; he's so hand‚Ä¶,,daveandjean1982,3881,TRUE
"Rocker Tommy Lee schw√∂rt: Wenn Trump gewinnt, verl√§sst er die USA #DonaldTrump #JoeBiden #TommyLee #US-Wahl
https://t.co/RoArfOKWvy",,klatsch_tratsch,0,FALSE
RT @BetteMidler: Tonight a woman in the audience of Trump's town hall began her question by telling him he has a great smile &amp; he's so hand‚Ä¶,,magsgworks,3881,TRUE
RT @BetteMidler: Tonight a woman in the audience of Trump's town hall began her question by telling him he has a great smile &amp; he's so hand‚Ä¶,,tonisnidow,3881,TRUE
RT @BetteMidler: Tonight a woman in the audience of Trump's town hall began her question by telling him he has a great smile &amp; he's so hand‚Ä¶,,MHasssn3,3881,TRUE
RT @BetteMidler: Tonight a woman in the audience of Trump's town hall began her question by telling him he has a great smile &amp; he's so hand‚Ä¶,,Adrianahh_15,3881,TRUE
RT @BetteMidler: Tonight a woman in the audience of Trump's town hall began her question by telling him he has a great smile &amp; he's so hand‚Ä¶,,LTPyatt,3881,TRUE
"RT @HowieHawkins: I successfully started calling for NY to #BanFracking in my 2010 run for Governor. #JoeBiden continues to push fracking,‚Ä¶",,Rayjay20076801,54,TRUE
RT @utopianindigent: @RealErinCruz I lose'em daily since retweeting DJT; A small account so I can follow up:Some were put in Twitter prison‚Ä¶,,utopianindigent,1,TRUE
RT @BetteMidler: Tonight a woman in the audience of Trump's town hall began her question by telling him he has a great smile &amp; he's so hand‚Ä¶,,Dolores20088561,3881,TRUE
RT @LevinaNeythiri: This is how #JoeBiden hurt #ISRO. üëáThere were back to back attempts to sabotage ISRO‚Äôs projects. My video about‚ÄîJoe Bid‚Ä¶,,Mahi_way_7,433,TRUE
@RealErinCruz I lose'em daily since retweeting DJT; A small account so I can follow up:Some were put in Twitter pri‚Ä¶ https://t.co/JJib5pbtYg,RealErinCruz,utopianindigent,1,FALSE
"RT @AuroraBlogspot: #FBPE, #facciamorete and #FBR are having a twitter storm on Friday the 16th of October in support of #JoeBiden. 

Time:‚Ä¶",,EagleHeartFra,125,TRUE
RT @BetteMidler: Tonight a woman in the audience of Trump's town hall began her question by telling him he has a great smile &amp; he's so hand‚Ä¶,,ashhybearx,3881,TRUE
RT @BasedPoland2: No Polish can honestly vote for #JoeBiden,,Lio_Sagittarius,12,TRUE
RT @BetteMidler: Tonight a woman in the audience of Trump's town hall began her question by telling him he has a great smile &amp; he's so hand‚Ä¶,,Tecgale,3881,TRUE
RT @BetteMidler: OMG!  #JoeBiden speaks like a human being!  And he‚Äôs actually answering the questions!  It‚Äôs so exciting!  How we have mis‚Ä¶,,Little_Yangster,4911,TRUE
RT @BetteMidler: Tonight a woman in the audience of Trump's town hall began her question by telling him he has a great smile &amp; he's so hand‚Ä¶,,KristinPalomi14,3881,TRUE
RT @RealJamesWoods: Sharpshooter #JoeBiden: ‚ÄúShoot ‚Äòem in the leg!‚Äù  https://t.co/4sLt3Ij4tD,,RamonaDear,3232,TRUE
"#RudyGiuliani Is My Father. Please, Everyone, Vote for #JoeBiden and #KamalaHarris. https://t.co/iI9LAyVzpL via @VanityFair",,FeministWomb,0,FALSE
RT @BetteMidler: Tonight a woman in the audience of Trump's town hall began her question by telling him he has a great smile &amp; he's so hand‚Ä¶,,Sabumafu98,3881,TRUE
"Biden routs Trump in September fundraising, $383M to $248M.
#JoeBiden 
#Joe2020 https://t.co/KLQpkEuz48",,deepsouthpolitx,0,FALSE
New York Former Federal Prosecutor Sets Out The Case Against  #HunterBiden and #JoeBiden https://t.co/NJyqFCt5gR,,PlanetPonzi,0,FALSE
RT @CanadaHimalaya: La plus grande menace pour la s√©curit√© des #√âtatsUnis reste la candidature de #JoeBiden comme pr√©sident ! @lapresseplus‚Ä¶,,yunqi1111111,21,TRUE
RT @musicrocksit452: Mismanagement by Trump is causing an economic catastrophe. #JoeBiden already helped deliver more than 6 years of job g‚Ä¶,,DominiqueNYC,128,TRUE
RT @BetteMidler: Tonight a woman in the audience of Trump's town hall began her question by telling him he has a great smile &amp; he's so hand‚Ä¶,,andydpearson,3881,TRUE
RT @BetteMidler: Tonight a woman in the audience of Trump's town hall began her question by telling him he has a great smile &amp; he's so hand‚Ä¶,,AndrewC49288066,3881,TRUE
RT @BetteMidler: Tonight a woman in the audience of Trump's town hall began her question by telling him he has a great smile &amp; he's so hand‚Ä¶,,demoladeDK,3881,TRUE
RT @BetteMidler: Tonight a woman in the audience of Trump's town hall began her question by telling him he has a great smile &amp; he's so hand‚Ä¶,,sonoaurelia,3881,TRUE
"***Latest Email Drop Implicates #JoeBiden DIRECTLY...***

https://t.co/A1yf7SL0oO [VIDEO] via @Timcast @nypost #HunterBidenEmails",,directorCSS,0,FALSE
"RT @LRPow79: Timeline
üìå9/29: 45 makes a fool of himself @ #Debates 
üìå10/2-7: 45 needs sympathy stay in üè• 2 regroup. But ‚Äúlooking forward‚Äù 2‚Ä¶",,robertfj48,180,TRUE
RT @BetteMidler: Tonight a woman in the audience of Trump's town hall began her question by telling him he has a great smile &amp; he's so hand‚Ä¶,,ytcitraining,3881,TRUE
RT @DanRDimicco: 3..been in business 4 a number of years with the #Chinesecommunist government &amp; high level #Chinesecommunists. If we're st‚Ä¶,,RunHideAvoid,1,TRUE
RT @BetteMidler: OMG!  #JoeBiden speaks like a human being!  And he‚Äôs actually answering the questions!  It‚Äôs so exciting!  How we have mis‚Ä¶,,seafree,4911,TRUE
RT @BetteMidler: Tonight a woman in the audience of Trump's town hall began her question by telling him he has a great smile &amp; he's so hand‚Ä¶,,mamashado,3881,TRUE
RT @htTweets: #USElections2020 | At least three people connected to #JoeBiden‚Äôs presidential campaign have tested positive for the #coronav‚Ä¶,,linlanee_luli,2,TRUE
RT @BetteMidler: Tonight a woman in the audience of Trump's town hall began her question by telling him he has a great smile &amp; he's so hand‚Ä¶,,Dovebyrd,3881,TRUE
RT @BetteMidler: Tonight a woman in the audience of Trump's town hall began her question by telling him he has a great smile &amp; he's so hand‚Ä¶,,QuestBuggie,3881,TRUE
RT @RealJamesWoods: Sharpshooter #JoeBiden: ‚ÄúShoot ‚Äòem in the leg!‚Äù  https://t.co/4sLt3Ij4tD,,Flipper_Cat,3232,TRUE
RT @PaulMaxit: #USElections2020 Les journalistes de la terre enti√®re devraient relater l'√©tendue des actes mafieux de #JoeBiden. N'est-ce-p‚Ä¶,,HERVEFAV,23,TRUE
"Dear #Reporters
either u r COMPLETELY incompetent or u r helping to cover up the biggest #PoliticalCorruption
story‚Ä¶ https://t.co/qenLaHLW0j",,terrihammer2728,0,FALSE
RT @BetteMidler: Tonight a woman in the audience of Trump's town hall began her question by telling him he has a great smile &amp; he's so hand‚Ä¶,,Werdnat,3881,TRUE
RT @BetteMidler: OMG!  #JoeBiden speaks like a human being!  And he‚Äôs actually answering the questions!  It‚Äôs so exciting!  How we have mis‚Ä¶,,kuu808,4911,TRUE
RT @BetteMidler: Tonight a woman in the audience of Trump's town hall began her question by telling him he has a great smile &amp; he's so hand‚Ä¶,,ScottSi51813161,3881,TRUE
RT @BetteMidler: Tonight a woman in the audience of Trump's town hall began her question by telling him he has a great smile &amp; he's so hand‚Ä¶,,RWestChicago,3881,TRUE
RT @BetteMidler: Tonight a woman in the audience of Trump's town hall began her question by telling him he has a great smile &amp; he's so hand‚Ä¶,,Danabaptiste4,3881,TRUE
"RT @OrbanTheBest: #JoeBiden #HunterBidenEmails 
Isaac laat ook doorschemeren dat de FBI de inhoud van de laptop verbergt als een politieke‚Ä¶",,KScheringa,5,TRUE
"RT @brennasmile: A reminder: #JoeBiden is not a saint, savior, or beloved children's TV host. He is a politician. He's not committed to tea‚Ä¶",,GreenNewDeal_EU,2,TRUE
RT @BetteMidler: Tonight a woman in the audience of Trump's town hall began her question by telling him he has a great smile &amp; he's so hand‚Ä¶,,LauraFrankJ,3881,TRUE
RT @BetteMidler: Tonight a woman in the audience of Trump's town hall began her question by telling him he has a great smile &amp; he's so hand‚Ä¶,,kizz4me,3881,TRUE
RT @BetteMidler: Tonight a woman in the audience of Trump's town hall began her question by telling him he has a great smile &amp; he's so hand‚Ä¶,,mcbradoc,3881,TRUE
RT @BetteMidler: Tonight a woman in the audience of Trump's town hall began her question by telling him he has a great smile &amp; he's so hand‚Ä¶,,grundy_hilary,3881,TRUE
RT @BetteMidler: OMG!  #JoeBiden speaks like a human being!  And he‚Äôs actually answering the questions!  It‚Äôs so exciting!  How we have mis‚Ä¶,,TSKeets,4911,TRUE
RT @BetteMidler: OMG!  #JoeBiden speaks like a human being!  And he‚Äôs actually answering the questions!  It‚Äôs so exciting!  How we have mis‚Ä¶,,AlmiraDemetz,4911,TRUE
"RT @wirelesshogan: At the #AbcTownHall, #JoeBiden was asked about #GreenEnergy by a woman from Pennsylvania who prefaced her question with‚Ä¶",,JohnfromBton,40,TRUE
RT @BetteMidler: Tonight a woman in the audience of Trump's town hall began her question by telling him he has a great smile &amp; he's so hand‚Ä¶,,AriannRavenswo1,3881,TRUE
RT @BetteMidler: OMG!  #JoeBiden speaks like a human being!  And he‚Äôs actually answering the questions!  It‚Äôs so exciting!  How we have mis‚Ä¶,,jv_uk2011,4911,TRUE
RT @BetteMidler: Tonight a woman in the audience of Trump's town hall began her question by telling him he has a great smile &amp; he's so hand‚Ä¶,,TrishKnapp88,3881,TRUE
RT @WilkowMajority: If #Twitter won't let you post the link....Save this image and then post it. #HunterBidenEmails #HunterBiden #JoeBiden‚Ä¶,,Rao38699463,714,TRUE
RT @BetteMidler: OMG!  #JoeBiden speaks like a human being!  And he‚Äôs actually answering the questions!  It‚Äôs so exciting!  How we have mis‚Ä¶,,rubyrose_99,4911,TRUE
#USElections2020 | At least three people connected to #JoeBiden‚Äôs presidential campaign have tested positive for th‚Ä¶ https://t.co/rEEwfcbcrQ,,Manu2_k,0,FALSE
RT @BetteMidler: Tonight a woman in the audience of Trump's town hall began her question by telling him he has a great smile &amp; he's so hand‚Ä¶,,sharonmwinner,3881,TRUE
RT @BetteMidler: Tonight a woman in the audience of Trump's town hall began her question by telling him he has a great smile &amp; he's so hand‚Ä¶,,NVFlo2day,3881,TRUE
RT @IRELAND_IREL4ND: YOUR COUNTRY. YOUR HERITAGE. YOUR CHOICE https://t.co/dW8H3uDvKP Designed over here for you guys over there. #POTUS #B‚Ä¶,,IRELAND_IREL4ND,1,TRUE
"RT @BetteMidler: A great, coherent, actually #hopefulTownHall thanks to #JOEBIDEN.   It was such a thrill to hear intelligent questions ans‚Ä¶",,Circe4,945,TRUE
RT @BetteMidler: Tonight a woman in the audience of Trump's town hall began her question by telling him he has a great smile &amp; he's so hand‚Ä¶,,liljewil51,3881,TRUE
RT @BetteMidler: Tonight a woman in the audience of Trump's town hall began her question by telling him he has a great smile &amp; he's so hand‚Ä¶,,silronrayslabs,3881,TRUE
RT @musicrocksit452: Mismanagement by Trump is causing an economic catastrophe. #JoeBiden already helped deliver more than 6 years of job g‚Ä¶,,p3R1n01D,128,TRUE
"RT @sjs856: Lift Every Voice: Why Black People Should Vote For Joe Biden and Kamala Harris

@SymoneDSanders 

#DrewComments #BidenHarris202‚Ä¶",,PrEPSQUADDC,645,TRUE
"My Message to Prospective #JoeBiden Voters (THE SAAD TRUTH_1153):

https://t.co/8KpAGSGcyq [VIDEO] via @GadSaad",,directorCSS,0,FALSE
RT @BetteMidler: Tonight a woman in the audience of Trump's town hall began her question by telling him he has a great smile &amp; he's so hand‚Ä¶,,KitaCat27,3881,TRUE
RT @BetteMidler: Tonight a woman in the audience of Trump's town hall began her question by telling him he has a great smile &amp; he's so hand‚Ä¶,,Simidano,3881,TRUE
RT @BetteMidler: Tonight a woman in the audience of Trump's town hall began her question by telling him he has a great smile &amp; he's so hand‚Ä¶,,TeacupSeahorse,3881,TRUE
RT @BetteMidler: OMG!  #JoeBiden speaks like a human being!  And he‚Äôs actually answering the questions!  It‚Äôs so exciting!  How we have mis‚Ä¶,,sharonmwinner,4911,TRUE
RT @BetteMidler: OMG!  #JoeBiden speaks like a human being!  And he‚Äôs actually answering the questions!  It‚Äôs so exciting!  How we have mis‚Ä¶,,kfrerichs95,4911,TRUE
#JoeBiden keeps kicking T's 45's butt- day after day after day..,,AndyS_Research,0,FALSE
RT @htTweets: #USElections2020 | At least three people connected to #JoeBiden‚Äôs presidential campaign have tested positive for the #coronav‚Ä¶,,Sandeepkhaitan,2,TRUE
"RT @BetteMidler: A great, coherent, actually #hopefulTownHall thanks to #JOEBIDEN.   It was such a thrill to hear intelligent questions ans‚Ä¶",,Who_R_U82,945,TRUE
RT @BetteMidler: Tonight a woman in the audience of Trump's town hall began her question by telling him he has a great smile &amp; he's so hand‚Ä¶,,KrazyKaniac,3881,TRUE
RT @WilkowMajority: If #Twitter won't let you post the link....Save this image and then post it. #HunterBidenEmails #HunterBiden #JoeBiden‚Ä¶,,pulliamore,714,TRUE
RT @BetteMidler: Tonight a woman in the audience of Trump's town hall began her question by telling him he has a great smile &amp; he's so hand‚Ä¶,,petespringfield,3881,TRUE
#USElections2020 | At least three people connected to #JoeBiden‚Äôs presidential campaign have tested positive for th‚Ä¶ https://t.co/LSnz68rC9n,,htTweets,2,FALSE
RT @BetteMidler: Tonight a woman in the audience of Trump's town hall began her question by telling him he has a great smile &amp; he's so hand‚Ä¶,,winetast3r,3881,TRUE
RT @BetteMidler: OMG!  #JoeBiden speaks like a human being!  And he‚Äôs actually answering the questions!  It‚Äôs so exciting!  How we have mis‚Ä¶,,Tony_Porras2050,4911,TRUE
RT @petersingh206: #JoeBiden is a liar pass it on please üëç,,jon_british,32,TRUE
"RT @JordanSekulow: In email from #Burisma exec to #HunterBiden - ‚ÄúDear Hunter, thank you for inviting me to DC and giving an opportunity to‚Ä¶",,Herman_HudsonJr,1586,TRUE
"RT @BetteMidler: A great, coherent, actually #hopefulTownHall thanks to #JOEBIDEN.   It was such a thrill to hear intelligent questions ans‚Ä¶",,Rki009,945,TRUE
#JoeBiden is all about EQUALITY. #DonaldTrump is all about  DIVISION. #JoeBiden is all about OPPORTUNITY.‚Ä¶ https://t.co/JWUN6qq3Hk,,derekjames150,3,FALSE
RT @BetteMidler: Tonight a woman in the audience of Trump's town hall began her question by telling him he has a great smile &amp; he's so hand‚Ä¶,,jaseyjase73,3881,TRUE
RT @BetteMidler: OMG!  #JoeBiden speaks like a human being!  And he‚Äôs actually answering the questions!  It‚Äôs so exciting!  How we have mis‚Ä¶,,OnceandfutureQF,4911,TRUE
RT @BetteMidler: Tonight a woman in the audience of Trump's town hall began her question by telling him he has a great smile &amp; he's so hand‚Ä¶,,AbdallaIthar,3881,TRUE
RT @BetteMidler: Tonight a woman in the audience of Trump's town hall began her question by telling him he has a great smile &amp; he's so hand‚Ä¶,,pattyannz,3881,TRUE
"RT @Thinknotfearnot: @mercedesschlapp @JoeBiden @ABCPolitics First of all, it's ""Rogers."" I know Republicans aren't known for their great i‚Ä¶",,Jennife58996304,1,TRUE
"üá∫üá∏ D√©bat #Trump - #Biden | deux interviews, deux ambiances, mais un sujet: le Covid-19  
‚û° https://t.co/uM9GKzAiPV‚Ä¶ https://t.co/TaRb7MFuqt",,lecho,1,FALSE
RT @BetteMidler: Tonight a woman in the audience of Trump's town hall began her question by telling him he has a great smile &amp; he's so hand‚Ä¶,,daybrk3,3881,TRUE
RT @BetteMidler: Tonight a woman in the audience of Trump's town hall began her question by telling him he has a great smile &amp; he's so hand‚Ä¶,,shadowspirit44,3881,TRUE
RT @BetteMidler: OMG!  #JoeBiden speaks like a human being!  And he‚Äôs actually answering the questions!  It‚Äôs so exciting!  How we have mis‚Ä¶,,Deemahn2,4911,TRUE
RT @BetteMidler: Tonight a woman in the audience of Trump's town hall began her question by telling him he has a great smile &amp; he's so hand‚Ä¶,,uncharismatick,3881,TRUE
RT @BetteMidler: OMG!  #JoeBiden speaks like a human being!  And he‚Äôs actually answering the questions!  It‚Äôs so exciting!  How we have mis‚Ä¶,,LynneRevis,4911,TRUE
"RT @BetteMidler: A great, coherent, actually #hopefulTownHall thanks to #JOEBIDEN.   It was such a thrill to hear intelligent questions ans‚Ä¶",,joette17351027,945,TRUE
@AbsolutKall @MuscleflexVideo @PReed94 @MrMichaelBurkes But yet @JoeBiden campaign can't address #Burisma and‚Ä¶ https://t.co/jWpi778R4B,AbsolutKall,dalen72,0,FALSE
RT @BetteMidler: Tonight a woman in the audience of Trump's town hall began her question by telling him he has a great smile &amp; he's so hand‚Ä¶,,tay30lormel,3881,TRUE
RT @BetteMidler: Tonight a woman in the audience of Trump's town hall began her question by telling him he has a great smile &amp; he's so hand‚Ä¶,,looann12,3881,TRUE
RT @BetteMidler: OMG!  #JoeBiden speaks like a human being!  And he‚Äôs actually answering the questions!  It‚Äôs so exciting!  How we have mis‚Ä¶,,PatriciaCLee,4911,TRUE
RT @BetteMidler: Tonight a woman in the audience of Trump's town hall began her question by telling him he has a great smile &amp; he's so hand‚Ä¶,,jennyis50,3881,TRUE
RT @BetteMidler: Tonight a woman in the audience of Trump's town hall began her question by telling him he has a great smile &amp; he's so hand‚Ä¶,,CbmwbBurke,3881,TRUE
RT @BetteMidler: Tonight a woman in the audience of Trump's town hall began her question by telling him he has a great smile &amp; he's so hand‚Ä¶,,Evvia_Sunsets,3881,TRUE
@davenewworld_2 @tomhanks on SNL cold open as #fredrogers chatting it up with #JoeBiden,davenewworld_2,factyouverymuch,0,FALSE
RT @BetteMidler: OMG!  #JoeBiden speaks like a human being!  And he‚Äôs actually answering the questions!  It‚Äôs so exciting!  How we have mis‚Ä¶,,susandianehouc5,4911,TRUE
"#JoeBiden, durante #TownHallABC, ha sostenuto che una bambina di 8 anni sia in grado di decidere sul fatto di esser‚Ä¶ https://t.co/DVyWc0AZsc",,F_Rossi_,4,FALSE
"RT @brennasmile: A reminder: #JoeBiden is not a saint, savior, or beloved children's TV host. He is a politician. He's not committed to tea‚Ä¶",,Gnrl_Strike_Bot,2,TRUE
"RT @shariatPR: He really, truly is a class act, and that's why #JoeBiden will be our next #POTUS",,Samanth54640744,1,TRUE
"Why does Trump look brown? Isn't he white? Or is it Covid and the cocktail of drugs he took? 
#America‚Ä¶ https://t.co/dWkQw3OgPI",,NW13543591,0,FALSE
"RT @John_Kass: #JoeBiden &amp; the Democrats had this impeachment thing that was bleepin' golden, but #HunterBiden messed it up. My latest colu‚Ä¶",,WhigsnTwigs,65,TRUE
RT @BetteMidler: Tonight a woman in the audience of Trump's town hall began her question by telling him he has a great smile &amp; he's so hand‚Ä¶,,AspartameRay,3881,TRUE
"RT @ALuisMoro: Did You Vote?

#VoteEarly 
#votenow
#JoeBiden
#KamalaHarris
#BidenHarris2020 
#planetgeneration https://t.co/VIQui35T6q",,Samanth54640744,1,TRUE
RT @BetteMidler: Tonight a woman in the audience of Trump's town hall began her question by telling him he has a great smile &amp; he's so hand‚Ä¶,,abram042004,3881,TRUE
RT @BetteMidler: Tonight a woman in the audience of Trump's town hall began her question by telling him he has a great smile &amp; he's so hand‚Ä¶,,MLCzone,3881,TRUE
@DoYouEvenLif Even Trumps empty Adderall bottles have endorsed #JoeBiden,DoYouEvenLif,GiadaRenbrussa,0,FALSE
RT @BetteMidler: Tonight a woman in the audience of Trump's town hall began her question by telling him he has a great smile &amp; he's so hand‚Ä¶,,vasakiz,3881,TRUE
"RT @CalScherm: In today‚Äôs America #trans people are murdered, violated, abused, belittled, doubted, cast aside, and treated less than as fu‚Ä¶",,Samanth54640744,1,TRUE
RT @BetteMidler: OMG!  #JoeBiden speaks like a human being!  And he‚Äôs actually answering the questions!  It‚Äôs so exciting!  How we have mis‚Ä¶,,RosiniToni,4911,TRUE
RT @BetteMidler: Tonight a woman in the audience of Trump's town hall began her question by telling him he has a great smile &amp; he's so hand‚Ä¶,,cantore89,3881,TRUE
RT @BetteMidler: OMG!  #JoeBiden speaks like a human being!  And he‚Äôs actually answering the questions!  It‚Äôs so exciting!  How we have mis‚Ä¶,,JnXgram,4911,TRUE
"Let #JoeBiden also be clear about this. If you tax corporate companies, you will lose them. They will leave. You wo‚Ä¶ https://t.co/whEghGMBcC",,TracyDe34824192,2,FALSE
RT @LiuXininBeijing: #JoeBiden and #KamalaHarris both flew with people who tested #COVID19 positive. Hope all infected do well. BTW is it g‚Ä¶,,fchaumac_chau,9,TRUE
RT @BetteMidler: Tonight a woman in the audience of Trump's town hall began her question by telling him he has a great smile &amp; he's so hand‚Ä¶,,RogueOpsMobile,3881,TRUE
"RT @SilverAdie: üôèüèª

Please! 

Save lives by voting for #JoeBiden

#Trump couldn‚Äôt even keep himself or his own family safe

from #COVID__19‚Ä¶",,Samanth54640744,4,TRUE
RT @BetteMidler: Tonight a woman in the audience of Trump's town hall began her question by telling him he has a great smile &amp; he's so hand‚Ä¶,,JosephPrinci,3881,TRUE
RT @BetteMidler: Tonight a woman in the audience of Trump's town hall began her question by telling him he has a great smile &amp; he's so hand‚Ä¶,,KrazyKimmay14,3881,TRUE
RT @BetteMidler: Tonight a woman in the audience of Trump's town hall began her question by telling him he has a great smile &amp; he's so hand‚Ä¶,,HildyJohnson3,3881,TRUE
RT @BernardineEvari: So this week I was awarded the Gold Medal of Honorary Patronage by the Philosophical Society (est 1683 &amp; the world's o‚Ä¶,,WomanSayss,15,TRUE
RT @BetteMidler: Tonight a woman in the audience of Trump's town hall began her question by telling him he has a great smile &amp; he's so hand‚Ä¶,,JoElizabethReid,3881,TRUE
President Trump and #JoeBiden Offer Study in Contrasts in Dueling Town¬†Halls https://t.co/mrO9q1eMSv via @variety,,zafarwestern,0,FALSE
RT @BetteMidler: Tonight a woman in the audience of Trump's town hall began her question by telling him he has a great smile &amp; he's so hand‚Ä¶,,tertiarysqueeze,3881,TRUE
"@realDonaldTrump

#Trump joined us in the #BoycottTurkey The Popular Campaign to Boycott Turkish Products.
#Erdogan‚Ä¶ https://t.co/BEz9xHIxOX",realDonaldTrump,DireAlWatan,0,FALSE
RT @BetteMidler: Tonight a woman in the audience of Trump's town hall began her question by telling him he has a great smile &amp; he's so hand‚Ä¶,,WhiteHatPiper,3881,TRUE
RT @BetteMidler: Tonight a woman in the audience of Trump's town hall began her question by telling him he has a great smile &amp; he's so hand‚Ä¶,,72seconds,3881,TRUE
RT @RealJamesWoods: Sharpshooter #JoeBiden: ‚ÄúShoot ‚Äòem in the leg!‚Äù  https://t.co/4sLt3Ij4tD,,GeorgSchwarzer,3232,TRUE
RT @BetteMidler: Tonight a woman in the audience of Trump's town hall began her question by telling him he has a great smile &amp; he's so hand‚Ä¶,,Fubarahh,3881,TRUE
"A reminder: #JoeBiden is not a saint, savior, or beloved children's TV host. He is a politician. He's not committed‚Ä¶ https://t.co/3BQpodWyub",,brennasmile,2,FALSE
"RT @BetteMidler: A great, coherent, actually #hopefulTownHall thanks to #JOEBIDEN.   It was such a thrill to hear intelligent questions ans‚Ä¶",,i_luv_me247,945,TRUE
RT @BetteMidler: OMG!  #JoeBiden speaks like a human being!  And he‚Äôs actually answering the questions!  It‚Äôs so exciting!  How we have mis‚Ä¶,,iPicNews,4911,TRUE
RT @BetteMidler: Tonight a woman in the audience of Trump's town hall began her question by telling him he has a great smile &amp; he's so hand‚Ä¶,,Johnheckel2,3881,TRUE
RT @BetteMidler: Tonight a woman in the audience of Trump's town hall began her question by telling him he has a great smile &amp; he's so hand‚Ä¶,,Ridim_Luv,3881,TRUE
"RT @Danilo_Sant65: Il favorito #JoeBiden #sleep mentre parla a una folla di auto 
@realDonaldTrump https://t.co/X8p2emUMxm",,Antonio73737373,14,TRUE
RT @BetteMidler: Tonight a woman in the audience of Trump's town hall began her question by telling him he has a great smile &amp; he's so hand‚Ä¶,,JackSpa69022811,3881,TRUE
RT @BetteMidler: Tonight a woman in the audience of Trump's town hall began her question by telling him he has a great smile &amp; he's so hand‚Ä¶,,glrcoach,3881,TRUE
RT @BetteMidler: Tonight a woman in the audience of Trump's town hall began her question by telling him he has a great smile &amp; he's so hand‚Ä¶,,drivingmespare,3881,TRUE
RT @BetteMidler: Tonight a woman in the audience of Trump's town hall began her question by telling him he has a great smile &amp; he's so hand‚Ä¶,,CoolBlueAura1,3881,TRUE
RT @BetteMidler: Tonight a woman in the audience of Trump's town hall began her question by telling him he has a great smile &amp; he's so hand‚Ä¶,,rodwilliams8,3881,TRUE
"RT @sjs856: Lift Every Voice: Why Black People Should Vote For Joe Biden and Kamala Harris

@SymoneDSanders 

#DrewComments #BidenHarris202‚Ä¶",,micQuestion,645,TRUE
RT @BetteMidler: Tonight a woman in the audience of Trump's town hall began her question by telling him he has a great smile &amp; he's so hand‚Ä¶,,Hectoramezcua12,3881,TRUE
"RT @John_Kass: #JoeBiden &amp; the Democrats had this impeachment thing that was bleepin' golden, but #HunterBiden messed it up. My latest colu‚Ä¶",,AHMalcolm,65,TRUE
"RT @Danilo_Sant65: Il favorito #JoeBiden #sleep mentre parla a una folla di auto 
@realDonaldTrump https://t.co/X8p2emUMxm",,Zampaglion,14,TRUE
RT @BetteMidler: Tonight a woman in the audience of Trump's town hall began her question by telling him he has a great smile &amp; he's so hand‚Ä¶,,Christi92965066,3881,TRUE
RT @BetteMidler: OMG!  #JoeBiden speaks like a human being!  And he‚Äôs actually answering the questions!  It‚Äôs so exciting!  How we have mis‚Ä¶,,poodlepower,4911,TRUE
RT @BetteMidler: Tonight a woman in the audience of Trump's town hall began her question by telling him he has a great smile &amp; he's so hand‚Ä¶,,KakLeigh,3881,TRUE
"RT @marczak_rob: As usual, the NY Post front cover says it all‚Äî
#SmokingGun #email reveals how #HunterBiden introduced #Ukrainian businessm‚Ä¶",,hcasnerjr60,388,TRUE
RT @IslamRizza: @icecube meeting with both sides. üîµüî¥ - Tired of celebrities doing it? GOOD! Maybe we're ready for the REAL MEETING! Demand‚Ä¶,,panamaniangem,82,TRUE
RT @BetteMidler: Tonight a woman in the audience of Trump's town hall began her question by telling him he has a great smile &amp; he's so hand‚Ä¶,,craig53127128,3881,TRUE
RT @BetteMidler: Tonight a woman in the audience of Trump's town hall began her question by telling him he has a great smile &amp; he's so hand‚Ä¶,,Eamonwright2,3881,TRUE
RT @BetteMidler: Tonight a woman in the audience of Trump's town hall began her question by telling him he has a great smile &amp; he's so hand‚Ä¶,,Bridanne,3881,TRUE
"Rudy Giuliani Is My Father. Please, Everyone, Vote for #JoeBiden  #KamalaHarris 

I may not be able to change my fa‚Ä¶ https://t.co/CugjOeZ76p",,ionel_prodan,0,FALSE
RT @BetteMidler: Tonight a woman in the audience of Trump's town hall began her question by telling him he has a great smile &amp; he's so hand‚Ä¶,,LarsJohanL,3881,TRUE
RT @BetteMidler: Tonight a woman in the audience of Trump's town hall began her question by telling him he has a great smile &amp; he's so hand‚Ä¶,,GaryNordstrom4,3881,TRUE
RT @BetteMidler: Tonight a woman in the audience of Trump's town hall began her question by telling him he has a great smile &amp; he's so hand‚Ä¶,,DianeTierney4,3881,TRUE
Ba≈ükan adayƒ± Biden'den ≈üa≈üƒ±rtan uyu≈üturucu a√ßƒ±klamasƒ± https://t.co/d0BXjr1iqN @JoeBiden #abd #baskan #aday #joebiden #uyu≈üturucu #CANLIYAYIN,,mygazete,0,FALSE
RT @BetteMidler: Tonight a woman in the audience of Trump's town hall began her question by telling him he has a great smile &amp; he's so hand‚Ä¶,,Miss_Kiva,3881,TRUE
RT @OzbatRisa: @thehill #JoeBiden has repeatedly defended his crime bill just straight up gaslighting https://t.co/GBxBxZBmCI,,CarolineSUSPEN,0,TRUE
RT @BetteMidler: Tonight a woman in the audience of Trump's town hall began her question by telling him he has a great smile &amp; he's so hand‚Ä¶,,sara535,3881,TRUE
"RT @Yur_BEST_friend: @mjfree @SunnyDays024 That he DID, sir.  That he did!! #JoeBiden #handsdown @mjfree",,detroit_rachel,1,TRUE
RT @BetteMidler: Tonight a woman in the audience of Trump's town hall began her question by telling him he has a great smile &amp; he's so hand‚Ä¶,,robertswindle73,3881,TRUE
RT @BetteMidler: Tonight a woman in the audience of Trump's town hall began her question by telling him he has a great smile &amp; he's so hand‚Ä¶,,LadyCecilyNevil,3881,TRUE
"RT @OliveTreeMin: 8 tenets of the New World Order revealed ‚Äì and every one of them is on the ballot Nov. 3 ‚Äì Leo Hohmann
https://t.co/X1fDH‚Ä¶",,Delon83,16,TRUE
RT @BetteMidler: Tonight a woman in the audience of Trump's town hall began her question by telling him he has a great smile &amp; he's so hand‚Ä¶,,joeslostdog,3881,TRUE
RT @BetteMidler: Tonight a woman in the audience of Trump's town hall began her question by telling him he has a great smile &amp; he's so hand‚Ä¶,,Capeheritjamie,3881,TRUE
RT @BetteMidler: Tonight a woman in the audience of Trump's town hall began her question by telling him he has a great smile &amp; he's so hand‚Ä¶,,Mainie59,3881,TRUE
RT @BetteMidler: OMG!  #JoeBiden speaks like a human being!  And he‚Äôs actually answering the questions!  It‚Äôs so exciting!  How we have mis‚Ä¶,,JaneHegney1,4911,TRUE
RT @BetteMidler: Tonight a woman in the audience of Trump's town hall began her question by telling him he has a great smile &amp; he's so hand‚Ä¶,,Dianestickler1,3881,TRUE
RT @BetteMidler: OMG!  #JoeBiden speaks like a human being!  And he‚Äôs actually answering the questions!  It‚Äôs so exciting!  How we have mis‚Ä¶,,stiller00,4911,TRUE
"People out here thinking they‚Äôve got enough hands to throw at #MrRogers üßê

Who is deceased ü§¨

And whose rep alone i‚Ä¶ https://t.co/bE0rsN1pkw",,bizarroguy,0,FALSE
"RT @wirelesshogan: At the #AbcTownHall, #JoeBiden was asked about #GreenEnergy by a woman from Pennsylvania who prefaced her question with‚Ä¶",,Satttak,40,TRUE
"RT @Repelsteeltje21: De ernstige beschuldigingen tegen #JoeBiden zijn nog niet half zo'n schandaal als de #censuurpaniek van Twitter.
@Hann‚Ä¶",,aadvandorp,28,TRUE
"RT @Inspectah_BEANS: New #Joe Biden Flag. - Hunter Biden Edition.
#VoteBlueNoMatterWho #JoeBiden https://t.co/J3sDoPJczX",,RedPillDetox,2,TRUE
RT @BetteMidler: Tonight a woman in the audience of Trump's town hall began her question by telling him he has a great smile &amp; he's so hand‚Ä¶,,Sherry17815,3881,TRUE
RT @BetteMidler: Tonight a woman in the audience of Trump's town hall began her question by telling him he has a great smile &amp; he's so hand‚Ä¶,,ccnycbori,3881,TRUE
"#ABD ba≈ükanlƒ±k se√ßimlerinin Demokrat adayƒ± #JoeBiden, canlƒ± yayƒ±n oturumunda '#esrarƒ±n su√ß olmaktan √ßƒ±karƒ±lmasƒ± ger‚Ä¶ https://t.co/XjJEsQtleP",,habervadimtr,0,FALSE
RT @BetteMidler: Tonight a woman in the audience of Trump's town hall began her question by telling him he has a great smile &amp; he's so hand‚Ä¶,,ShaniaPeebody,3881,TRUE
RT @IslamRizza: @icecube meeting with both sides. üîµüî¥ - Tired of celebrities doing it? GOOD! Maybe we're ready for the REAL MEETING! Demand‚Ä¶,,TURFMOBMUSIC,82,TRUE
"@mjfree @SunnyDays024 That he DID, sir.  That he did!! #JoeBiden #handsdown @mjfree",mjfree,Yur_BEST_friend,1,FALSE
It sure looks like #JoeBiden is looking to utterly destroy the #2A https://t.co/n9nCyTfJO2,,adam_hamby,0,FALSE
RT @BetteMidler: Tonight a woman in the audience of Trump's town hall began her question by telling him he has a great smile &amp; he's so hand‚Ä¶,,roberi63,3881,TRUE
RT @RealJamesWoods: Sharpshooter #JoeBiden: ‚ÄúShoot ‚Äòem in the leg!‚Äù  https://t.co/4sLt3Ij4tD,,Arizona__Love,3232,TRUE
"RT @votedegrammont: Joe Biden - ""We already have a N*gger Mayor, we don't need anymore N*gger Big shots""

With 47 years in politics, this i‚Ä¶",,LevisElvis2,40,TRUE
"RT @VOTEearlyBLUE: #JoeBidenTownHall

#JOEBIDEN WILL FIX US. üá∫üá≤üëäüíô

https://t.co/ozrMGPMs4i",,Samanth54640744,1,TRUE
@nytimes Meanwhile on #ABC @GStephanopoulos &amp; @JoeBiden  made friendship bracelets &amp; talked about how great‚Ä¶ https://t.co/1HOCnuQdmx,nytimes,978stargal,0,FALSE
RT @RealJamesWoods: Sharpshooter #JoeBiden: ‚ÄúShoot ‚Äòem in the leg!‚Äù  https://t.co/4sLt3Ij4tD,,Krull123l,3232,TRUE
RT @RealJamesWoods: Sharpshooter #JoeBiden: ‚ÄúShoot ‚Äòem in the leg!‚Äù  https://t.co/4sLt3Ij4tD,,DavidPiepho,3232,TRUE
RT @BetteMidler: OMG!  #JoeBiden speaks like a human being!  And he‚Äôs actually answering the questions!  It‚Äôs so exciting!  How we have mis‚Ä¶,,SuezeQ1,4911,TRUE
